Material_Material_Number_Key,Material_Text,Material_Material_Group_Key,Material_Material_Group_Text,SCHC_1_Key,SCHC_1_Text,Storage_Location_Key_Not_Compounded,Storage_Location,Storage_Type_Key,Storage_Bin_Key,Storage_Bin_Type_Key_Not_Compounded,Stock_material_Blocked_Stock_Key,Stock_material_In_Quality_Insp_Key,Stock_material_Unrestr_use_Stock_Key,Total_Stock,Material_CFSS_UOI_Key,Material_CFSS_UOI_Text,Technical_Auth_Code_Key,Technical_Auth_Code_TA_Environment_Text,SMC_Key,SMC_Desc_Purch_Group_Key,CC_Physical_Inventor_Key_Not_Compounded,GR_Date_Key,Last_Inventory_Date_Key,Last_Movement_Date_Key,Material_CFSS_UOI_Price_Key,Material_Lead_IMA_Key,Material_Stock_Type_Supply_Key,Material_Lead_IMA_Text,Material_Stock_Classification_Key,Material_Stock_Classification_Text,Material_DMC_Key,Material_DMC_Text,Material_Repair_Code_Key,Material_Repair_Code_Text,Material_Plant_View_Serial_No_Profile_Key,Material_Serial_No_Profile_Key,Material_Serial_No_Profile_Text,Test_Case,Status
00-0000079:NSN,"WASHER,FLAT",5310,Nuts/Washers,Q,Q,000J,7 CFSD SERV,MB,270164J2B,6,0.000 EA,0.000 EA,"1,357.000 EA","1,357",EA,each,N108,DGMEPM,65T,(L) DLP 4-2-3-2,8/19/2013,0.17 CAD,4N,X,CENTRALIZED MGMT-NORMAL DMND PROCESSING,C,CONSUMABLE STORES,A,Non-controlled good/Demil not required,A,NON-REPAIRABLE,H,8/20/2019,48884,8/19/2013,,,,
00-0000118:NSN,POWER SUPPLY,6130,"Converters, Nonrotat",#,Not assigned,000M,7 CFSD Disposal,FD,354282S,16,0.000 EA,0.000 EA,17.000 EA,7,EA,each,A31S,DGAEPM,52J,(A) DAP 6-2-3A,2/10/2016,"102,078.94 CAD",1B,D,ITEM UNDER REVIEW FOR SURPLUS,A,ACCOUNTABLE STORES,Q,Non-controlled good/Demil not required,B,3RD LINE ONLY,G,#,2789265,5/26/2022,,,,
00-0000118:NSN,POWER SUPPLY,6130,"Converters, Nonrotat",#,Not assigned,000M,7 CFSD Disposal,FD,354282Z,19,0.000 EA,0.000 EA,17.000 EA,10,EA,each,A31S,DGAEPM,52J,(A) DAP 6-2-3A,2/10/2016,"102,078.94 CAD",1B,D,ITEM UNDER REVIEW FOR SURPLUS,A,ACCOUNTABLE STORES,Q,Non-controlled good/Demil not required,B,3RD LINE ONLY,G,#,2789264,5/26/2022,,,,
00-0010060:NSN,"HOSE ASSEMBLY,NONMETALLIC",4720,Hose/Tubes Flexible,U,SLM-NON EXTENDABLE SHELF LIFE TYPE,000J,7 CFSD SERV,MB,246177A2A,7,0.000 EA,0.000 EA,1.000 EA,1,EA,each,A305,DGAEPM,52N,(A) DAP 6-2-4K,11/20/2017,94.04 CAD,1M,X,ITEM IS UNDER CRITICAL CONTROL,C,CONSUMABLE STORES,A,Non-controlled good/Demil not required,A,NON-REPAIRABLE,H,9/20/2018,1597301,8/28/2018,,,,
00-0011430:NSN,"LIGHT,INDICATOR",6210,Indoor/Outdoor Light,#,Not assigned,000J,7 CFSD SERV,MB,258181K2B,2,0.000 EA,0.000 EA,14.000 EA,14,EA,each,L20E,DGLEPM,44T,(L) DLP 4-2-4-2,9/29/2014,37.80 CAD,1B,P,ITEM UNDER REVIEW FOR SURPLUS,C,CONSUMABLE STORES,A,Non-controlled good/Demil not required,A,NON-REPAIRABLE,H,#,704647,9/20/2021,,,,
00-0011833:NSN,"SEAL,PLAIN ENCASED",5330,Packing/Gasket Mater,#,Not assigned,000J,7 CFSD SERV,MB,234212M1B,2,0.000 EA,0.000 EA,8.000 EA,8,EA,each,ND01,DGMEPM,57H,(A) DAP4-3-5-2-4-5,8/19/2013,82.60 CAD,1B,X,ITEM UNDER REVIEW FOR SURPLUS,C,CONSUMABLE STORES,A,Non-controlled good/Demil not required,A,NON-REPAIRABLE,H,#,49054,8/19/2013,,,,
00-0013031:NSN,"RESISTOR,FIXED,COMPOSITION",5905,Resistors,Q,Q,000J,7 CFSD SERV,MB,222208J6C,3,0.000 EA,0.000 EA,81.000 EA,81,EA,each,C470,COMMMON,49R,(P) D SVCS C 23333,8/19/2013,0.22 CAD,4G,X,US DOD STOCKED - COLOG ELIGIBLE,C,CONSUMABLE STORES,A,Non-controlled good/Demil not required,A,NON-REPAIRABLE,H,#,49107,8/19/2013,,,,
00-0013256:NSN,"CORE,ELECTROMAGNETIC COMPONENT",5950,Coils/Transformers,#,Not assigned,000J,7 CFSD SERV,MB,254179H2C,2,0.000 EA,0.000 EA,1.000 EA,1,EA,each,C484,COMMMON,48S,(P) D SVC C 2-3-5,8/19/2013,1.14 CAD,4G,X,US DOD STOCKED - COLOG ELIGIBLE,C,CONSUMABLE STORES,A,Non-controlled good/Demil not required,A,NON-REPAIRABLE,H,11/26/2018,49271,8/19/2013,,,,
00-0013533:NSN,"NIPPLE,PIPE",4730,Hose/Pipe Fittings,#,Not assigned,000J,7 CFSD SERV,MB,222244K1B,6,0.000 EA,0.000 EA,44.000 EA,44,EA,each,L634,DGLEPM,65R,(L) DLP 4-2-3-2,8/19/2013,97.26 CAD,1Z,X,NDHQ CONTROLLED ITEM,C,CONSUMABLE STORES,A,Non-controlled good/Demil not required,A,NON-REPAIRABLE,H,11/7/2017,1587635,11/7/2017,,,,
00-0013539:NSN,"ARM,SUPPORT",2540,Vehicular Furniture,#,Not assigned,000J,7 CFSD SERV,PP,346207Q,12,0.000 EA,0.000 EA,10.000 EA,10,EA,each,L634,DGLEPM,65R,(L) DLP 4-2-3-2,8/19/2013,463.98 CAD,1Z,X,NDHQ CONTROLLED ITEM,C,CONSUMABLE STORES,A,Non-controlled good/Demil not required,A,NON-REPAIRABLE,H,#,49453,8/19/2013,,,,
00-0013542:NSN,"BRACKET,BLADE ARM,B",2540,Vehicular Furniture,#,Not assigned,000J,7 CFSD SERV,MA,2.30E+06,8,0.000 EA,0.000 EA,3.000 EA,3,EA,each,L634,DGLEPM,65R,(L) DLP 4-2-3-2,8/19/2013,81.67 CAD,1Z,X,NDHQ CONTROLLED ITEM,C,CONSUMABLE STORES,A,Non-controlled good/Demil not required,A,NON-REPAIRABLE,H,7/10/2019,2003495,7/10/2019,,,,
00-0013545:NSN,"BRACKET,HYDRAULIC C",2540,Vehicular Furniture,#,Not assigned,000J,7 CFSD SERV,MA,218216G2,8,0.000 EA,0.000 EA,2.000 EA,2,EA,each,L634,DGLEPM,65R,(L) DLP 4-2-3-2,8/19/2013,169.50 CAD,1B,P,ITEM UNDER REVIEW FOR SURPLUS,C,CONSUMABLE STORES,A,Non-controlled good/Demil not required,A,NON-REPAIRABLE,H,9/26/2019,2052295,9/26/2019,,,,
00-0013552:NSN,"ARM,ANGLEDOZER",2590,Vehicular Components,#,Not assigned,000J,7 CFSD SERV,BA,200506H,26,0.000 EA,0.000 EA,4.000 EA,4,EA,each,L634,DGLEPM,65R,(L) DLP 4-2-3-2,8/19/2013,"2,500.00 CAD",1Z,X,NDHQ CONTROLLED ITEM,C,CONSUMABLE STORES,A,Non-controlled good/Demil not required,A,NON-REPAIRABLE,G,#,2719261,2/28/2022,,,,
00-0013560:NSN,"TUBE ASSEMBLY,METAL",4710,"Pipes/Tubes, Rigid",#,Not assigned,000J,7 CFSD SERV,MA,226236G1,8,0.000 EA,0.000 EA,2.000 EA,2,EA,each,L634,DGLEPM,65W,(L) DLP 4-2-3-2,8/19/2013,147.00 CAD,4N,X,CENTRALIZED MGMT-NORMAL DMND PROCESSING,C,CONSUMABLE STORES,A,Non-controlled good/Demil not required,A,NON-REPAIRABLE,H,#,2673225,1/6/2022,,,,
00-0014074:NSN,"AMPLIFIER,IMPEDANC",5826,Radio Nav Eq Airborn,Q,Q,000J,7 CFSD SERV,MA,246230A3,8,0.000 EA,0.000 EA,6.000 EA,6,EA,each,A32X,DGAEPM,52L,(A) DAP 6-2-3B,8/19/2013,237.00 CAD,4N,X,CENTRALIZED MGMT-NORMAL DMND PROCESSING,C,CONSUMABLE STORES,Q,Non-controlled good/Demil not required,A,NON-REPAIRABLE,H,#,2423823,3/9/2021,,,,
00-0014076:NSN,"CONTROL,RADIO SET",5826,Radio Nav Eq Airborn,Q,Q,000L,7 CFSD Rep Res,RA,294533N2,10,0.000 EA,0.000 EA,1.000 EA,1,EA,each,A32X,DGAEPM,52L,(A) DAP 6-2-3B,9/14/2016,"8,618.28 CAD",1X,X,SUBMIT OFFLINE BY E-MAIL TO SM,A,ACCOUNTABLE STORES,D,Controlled-key components/demil-destroy,N,2ND LINE RMF & 3RD LINE R&O,G,3/10/2021,2406484,3/1/2021,,,,
00-0014077:NSN,ANTENNA,5985,Antennas/Waveguide,Q,Q,000L,7 CFSD Rep Res,RA,312526K,16,0.000 EA,0.000 EA,39.000 EA,39,EA,each,A32X,DGAEPM,52L,(A) DAP 6-2-3B,8/19/2013,510.00 CAD,4N,X,CENTRALIZED MGMT-NORMAL DMND PROCESSING,A,ACCOUNTABLE STORES,A,Non-controlled good/Demil not required,F,2ND  LINE WKSP AND 3RD LINE,G,3/9/2021,2416432,3/1/2021,,,,
00-0014707:NSN,"BEARING,BALL,ROD END",3110,"Bearings, Antifricti",U,SLM-NON EXTENDABLE SHELF LIFE TYPE,000J,7 CFSD SERV,MB,246181P2B,5,0.000 EA,0.000 EA,4.000 EA,4,EA,each,A56B,DGAEPM,52W,(A) DAP 4-3-5-2-4,4/1/2019,30.45 CAD,1R,X,QD MESSAGE FORMAT,C,CONSUMABLE STORES,A,Non-controlled good/Demil not required,A,NON-REPAIRABLE,H,#,1925935,4/3/2019,,,,
00-0014714:NSN,"WASHER,FINISHING",5310,Nuts/Washers,#,Not assigned,000J,7 CFSD SERV,MB,226242C2A,6,0.000 EA,0.000 EA,"1,262.000 EA","1,262",EA,each,A22J,DGAEPM,50Q,(A) DAP 5-3-2-7,8/19/2013,0.04 CAD,1R,X,QD MESSAGE FORMAT,C,CONSUMABLE STORES,A,Non-controlled good/Demil not required,A,NON-REPAIRABLE,H,#,49881,6/29/2021,,,,
00-0014750:NSN,"WASHER,FLAT",5310,Nuts/Washers,Q,Q,000J,7 CFSD SERV,MB,254227G6C,3,0.000 EA,0.000 EA,"3,357.000 EA","3,357",EA,each,A523,DGAEPM,50A,L3 SM 5,8/19/2013,0.05 CAD,4G,X,US DOD STOCKED - COLOG ELIGIBLE,C,CONSUMABLE STORES,A,Non-controlled good/Demil not required,A,NON-REPAIRABLE,H,#,49924,8/19/2013,,,,
00-0014758:NSN,"PIN,STRAIGHT,HEADLESS",5315,Nails/Keys/Pins,Q,Q,000J,7 CFSD SERV,MB,210168C2A,6,0.000 EA,0.000 EA,115.000 EA,115,EA,each,L66B,DGLEPM,66M,(L) DLP 5-2-2-2,8/19/2013,8.53 CAD,4N,X,CENTRALIZED MGMT-NORMAL DMND PROCESSING,C,CONSUMABLE STORES,A,Non-controlled good/Demil not required,A,NON-REPAIRABLE,H,#,49982,10/17/2014,,,,
00-0014781:NSN,"SCREW,CAP,SOCKET HEAD",5305,Screws,Q,Q,000J,7 CFSD SERV,MB,258243M2D,3,0.000 EA,0.000 EA,615.000 EA,615,EA,each,L670,DGLEPM,35E,(L) DLP 6-3-3-3C,8/19/2013,0.28 CAD,4N,X,CENTRALIZED MGMT-NORMAL DMND PROCESSING,C,CONSUMABLE STORES,A,Non-controlled good/Demil not required,A,NON-REPAIRABLE,H,5/24/2018,1731060,6/30/2022,,,,
00-0014858:NSN,"WASHER,FLAT",5310,Nuts/Washers,Q,Q,000J,7 CFSD SERV,MB,266196K6B,2,0.000 EA,0.000 EA,165.000 EA,165,EA,each,L670,DGLEPM,35E,(L) DLP 6-3-3-3C,9/20/2013,1.85 CAD,4A,X,ITEM IS SUBJECT TO SHELF LIFE,C,CONSUMABLE STORES,A,Non-controlled good/Demil not required,A,NON-REPAIRABLE,H,#,426096,10/17/2013,,,,
00-0014880:NSN,"BOLT,SHEAR",5306,Bolts,#,Not assigned,000J,7 CFSD SERV,MB,258196A2A,5,0.000 EA,0.000 EA,42.000 EA,42,EA,each,A010,DGAEPM,55G,(A) DAP 4-3-5-2-4,8/19/2013,50.00 CAD,4N,X,CENTRALIZED MGMT-NORMAL DMND PROCESSING,C,CONSUMABLE STORES,A,Non-controlled good/Demil not required,A,NON-REPAIRABLE,H,#,49873,10/29/2019,,,,
00-0015835:NSN,"RESISTOR,FIXED,FILM",5905,Resistors,Q,Q,000J,7 CFSD SERV,MB,210228E2B,1,0.000 EA,0.000 EA,5.000 EA,5,EA,each,N255,DGMEPM,234,(M)D MAR P 4-2-3-3,8/19/2013,2.05 CAD,1B,D,ITEM UNDER REVIEW FOR SURPLUS,C,CONSUMABLE STORES,A,Non-controlled good/Demil not required,A,NON-REPAIRABLE,H,#,50080,8/19/2013,,,,
00-0015921:NSN,"MOLD,POTTING,ELECTRICAL CONNECTOR",5935,"Connectors, Electric",Q,Q,000J,7 CFSD SERV,MB,230223P2B,6,0.000 EA,0.000 EA,15.000 EA,15,EA,each,A52F,DGAEPM,50W,(A) DAP 5-3-2-5,8/19/2013,5.97 CAD,4N,X,CENTRALIZED MGMT-NORMAL DMND PROCESSING,C,CONSUMABLE STORES,A,Non-controlled good/Demil not required,A,NON-REPAIRABLE,H,#,50075,6/11/2021,,,,
00-0016010:NSN,"MICROCIRCUIT,DIGITAL",5962,"Microcircuits, Elect",Y,ELECTROSTATIC SENSITIVE ELECTRONIC ITEMS,000J,7 CFSD SERV,MB,254230K4B,4,0.000 EA,0.000 EA,41.000 EA,41,EA,each,A20H,DGAEPM,56G,(A)DAP5-3-2-2-4,8/19/2013,6.00 CAD,4N,X,CENTRALIZED MGMT-NORMAL DMND PROCESSING,C,CONSUMABLE STORES,Q,Non-controlled good/Demil not required,A,NON-REPAIRABLE,H,4/19/2018,1702473,5/7/2019,,,,
00-0016012:NSN,"MICROCIRCUIT,DIGITAL",5962,"Microcircuits, Elect",Y,ELECTROSTATIC SENSITIVE ELECTRONIC ITEMS,000J,7 CFSD SERV,MB,250240E1C,2,0.000 EA,0.000 EA,11.000 EA,11,EA,each,A40P,DGAEPM,49P,(P) D SVCS C 2333,8/19/2013,2.57 CAD,4N,X,CENTRALIZED MGMT-NORMAL DMND PROCESSING,C,CONSUMABLE STORES,A,Non-controlled good/Demil not required,A,NON-REPAIRABLE,H,#,1426616,4/18/2017,,,,
00-0016202:NSN,"VALVE,REGULATING,FLUID PRESSURE",4820,"Valves, Nonpowered",#,Not assigned,000J,7 CFSD SERV,MB,270216F2A,6,0.000 EA,0.000 EA,2.000 EA,2,EA,each,UJ43,DGAEPM,53G,(A) DAP 7-2-4-3,8/19/2013,104.00 CAD,4N,X,CENTRALIZED MGMT-NORMAL DMND PROCESSING,C,CONSUMABLE STORES,A,Non-controlled good/Demil not required,A,NON-REPAIRABLE,H,#,50263,8/19/2013,,,,
00-0016347:NSN,"HOSE ASSEMBLY,NONMETALLIC",4720,Hose/Tubes Flexible,Q,Q,000M,7 CFSD Disposal,PS,310137B1,11,0.000 EA,0.000 EA,5.000 EA,5,EA,each,L634,DGLEPM,65W,(L) DLP 4-2-3-2,3/5/2014,19.65 CAD,1B,D,ITEM UNDER REVIEW FOR SURPLUS,C,CONSUMABLE STORES,A,Non-controlled good/Demil not required,A,NON-REPAIRABLE,H,#,2818770,8/23/2022,,,,
00-0016689:NSN,"PACKING,PREFORMED",5330,Packing/Gasket Mater,#,Not assigned,000J,7 CFSD SERV,MB,226177N2B,2,0.000 EA,0.000 EA,2.000 EA,2,EA,each,MAC1,DGAEPM,57K,(A) DAP 4/OWSM/SM,8/19/2013,73.39 CAD,4N,X,CENTRALIZED MGMT-NORMAL DMND PROCESSING,C,CONSUMABLE STORES,A,Non-controlled good/Demil not required,A,NON-REPAIRABLE,H,7/23/2018,1531153,8/15/2017,,,,
00-0017435:NSN,"MICROCIRCUIT,DIGITAL",5962,"Microcircuits, Elect",Y,ELECTROSTATIC SENSITIVE ELECTRONIC ITEMS,000J,7 CFSD SERV,MB,258171L3B,2,0.000 EA,0.000 EA,1.000 EA,1,EA,each,AP22,DGAEPM,50N,(A) DAP-5-3-2-5,8/19/2013,159.10 CAD,4N,X,CENTRALIZED MGMT-NORMAL DMND PROCESSING,C,CONSUMABLE STORES,Q,Non-controlled good/Demil not required,A,NON-REPAIRABLE,H,6/3/2015,50372,8/19/2013,,,,
00-0017473:NSN,"RESISTOR,FIXED,FILM",5905,Resistors,Q,Q,000J,7 CFSD SERV,MB,214234K4B,2,0.000 EA,0.000 EA,33.000 EA,33,EA,each,A50J,DGAEPM,50T,(A) DAP 5-3-2-5,8/19/2013,1.80 CAD,1B,D,ITEM UNDER REVIEW FOR SURPLUS,C,CONSUMABLE STORES,A,Non-controlled good/Demil not required,A,NON-REPAIRABLE,H,#,1387648,2/24/2017,,,,
00-0017778:NSN,"ELBOW,TUBE TO BOSS",4730,Hose/Pipe Fittings,Q,Q,000J,7 CFSD SERV,MB,270180C1A,5,0.000 EA,0.000 EA,14.000 EA,14,EA,each,L634,DGLEPM,65W,(L) DLP 4-2-3-2,8/19/2013,2.85 CAD,4N,X,CENTRALIZED MGMT-NORMAL DMND PROCESSING,C,CONSUMABLE STORES,A,Non-controlled good/Demil not required,A,NON-REPAIRABLE,H,#,50502,8/19/2013,,,,
00-0017788:NSN,"CAP,VALVE",4820,"Valves, Nonpowered",#,Not assigned,000J,7 CFSD SERV,MB,254173P3B,6,0.000 EA,0.000 EA,12.000 EA,12,EA,each,L66B,DGLEPM,66M,(L) DLP 5-2-2-2,8/19/2013,5.76 CAD,1B,P,ITEM UNDER REVIEW FOR SURPLUS,C,CONSUMABLE STORES,A,Non-controlled good/Demil not required,A,NON-REPAIRABLE,H,11/21/2018,50612,10/18/2021,,,,
00-0017851:NSN,"ELBOW,TUBE",4730,Hose/Pipe Fittings,#,Not assigned,000J,7 CFSD SERV,MB,202169E6A,3,0.000 EA,0.000 EA,8.000 EA,8,EA,each,L634,DGLEPM,65R,(L) DLP 4-2-3-2,8/19/2013,4.27 CAD,1Z,X,NDHQ CONTROLLED ITEM,C,CONSUMABLE STORES,A,Non-controlled good/Demil not required,A,NON-REPAIRABLE,H,10/10/2017,1566692,10/10/2017,,,,
00-0018060:NSN,OHMMETER,6625,Electric Prop-Measur,Q,Q,000J,7 CFSD SERV,MA,218206A3,8,0.000 EA,0.000 EA,1.000 EA,1,EA,each,C70F,DGLEPM,72A,(L) DLP 7-4-4-1,11/30/2021,399.00 CAD,1N,X,BASES/STATIONS NOT TO HOLD STOCK,A,ACCOUNTABLE STORES,A,Non-controlled good/Demil not required,A,NON-REPAIRABLE,H,12/1/2021,2655445,11/30/2021,,,,
00-0018158:NSN,"BEARING,BALL,ANNULAR",3110,"Bearings, Antifricti",Q,Q,000J,7 CFSD SERV,MB,262230M2B,6,0.000 EA,0.000 EA,17.000 EA,17,EA,each,LZ18,DGLEPM,44C,(L) DLP 4-1C2-2,8/19/2013,42.75 CAD,4N,X,CENTRALIZED MGMT-NORMAL DMND PROCESSING,C,CONSUMABLE STORES,A,Non-controlled good/Demil not required,A,NON-REPAIRABLE,H,#,50676,9/16/2015,,,,
00-0018648:NSN,"RESISTOR,FIXED,FILM",5905,Resistors,#,Not assigned,000J,7 CFSD SERV,MB,270254L1B,6,0.000 EA,0.000 EA,115.000 EA,115,EA,each,A213,DGAEPM,51L,(A) DAP5/OWSS/AV,8/18/2015,0.18 CAD,4G,X,US DOD STOCKED - COLOG ELIGIBLE,C,CONSUMABLE STORES,A,Non-controlled good/Demil not required,A,NON-REPAIRABLE,H,5/3/2018,1717511,5/3/2018,,,,
00-0018873:NSN,"BUS,CONDUCTOR",6150,Misc Electric Pwr Eq,#,Not assigned,000J,7 CFSD SERV,MB,250216E2B,3,0.000 EA,0.000 EA,6.000 EA,6,EA,each,C484,COMMMON,48S,(P) D SVC C 2-3-5,8/19/2013,24.35 CAD,4G,X,US DOD STOCKED - COLOG ELIGIBLE,C,CONSUMABLE STORES,A,Non-controlled good/Demil not required,A,NON-REPAIRABLE,H,8/9/2018,1771584,8/9/2018,,,,
00-0019103:NSN,"LEAD,ELECTRICAL",6150,Misc Electric Pwr Eq,#,Not assigned,000J,7 CFSD SERV,MB,250182G6B,1,0.000 EA,0.000 EA,2.000 EA,2,EA,each,A613,DGAEPM,52W,(A) DAP 4-3-5-2-4,1/7/2022,0.75 CAD,4N,X,CENTRALIZED MGMT-NORMAL DMND PROCESSING,C,CONSUMABLE STORES,A,Non-controlled good/Demil not required,A,NON-REPAIRABLE,H,#,2674845,1/10/2022,,,,
00-0019383:NSN,"INSULATOR,WASHER",5970,Electrical Insulator,Q,Q,000J,7 CFSD SERV,MB,254209F3B,2,0.000 EA,0.000 EA,239.000 EA,239,EA,each,AP22,DGAEPM,50L,(A) DAP5/OWSS/ATE,8/19/2013,6.20 CAD,4E,X,CENTRALLY MANAGED NO FURTHER PROCUREMENT,C,CONSUMABLE STORES,A,Non-controlled good/Demil not required,A,NON-REPAIRABLE,H,12/4/2018,50887,12/5/2018,,,,
00-0019423:NSN,"ROLLER,MATERIAL HANDLING",3990,Misc Material Handli,#,Not assigned,000J,7 CFSD SERV,MA,2.18E+07,10,0.000 EA,0.000 EA,11.000 EA,11,EA,each,L66B,DGLEPM,66M,(L) DLP 5-2-2-2,9/23/2019,635.00 CAD,4N,X,CENTRALIZED MGMT-NORMAL DMND PROCESSING,A,ACCOUNTABLE STORES,A,Non-controlled good/Demil not required,A,NON-REPAIRABLE,G,11/17/2021,2049773,4/6/2020,,,,
00-0019767:NSN,"WASHER,FINISHING",5310,Nuts/Washers,#,Not assigned,000J,7 CFSD SERV,MB,214243E4A,2,0.000 EA,0.000 EA,160.000 EA,160,EA,each,A22J,DGAEPM,50Q,(A) DAP 5-3-2-7,8/19/2013,0.64 CAD,1R,X,QD MESSAGE FORMAT,C,CONSUMABLE STORES,A,Non-controlled good/Demil not required,A,NON-REPAIRABLE,H,4/30/2018,1713460,4/30/2018,,,,
00-0030616:NSN,O-RING,5331,O-Rings,#,Not assigned,000J,7 CFSD SERV,MB,202191F1A,3,0.000 EA,0.000 EA,6.000 EA,6,EA,each,L66P,DGLEPM,66G,(L) DLP 5-2-5-1,8/19/2013,7.27 CAD,4G,X,US DOD STOCKED - COLOG ELIGIBLE,C,CONSUMABLE STORES,A,Non-controlled good/Demil not required,A,NON-REPAIRABLE,H,10/30/2017,1581332,10/30/2017,,,,
00-0030730:NSN,"WIRE,ELECTRICAL",6145,"Wire/Cable, Electric",Q,Q,000J,7 CFSD SERV,MB,218171K2B,5,0.000 MR,0.000 MR,94.000 MR,94,MR,Meter,AP22,DGAEPM,50L,(A) DAP5/OWSS/ATE,8/19/2013,0.28 CAD,4E,X,CENTRALLY MANAGED NO FURTHER PROCUREMENT,C,CONSUMABLE STORES,A,Non-controlled good/Demil not required,A,NON-REPAIRABLE,H,#,2431725,3/24/2021,,,,
00-0030733:NSN,"WIRE,ELECTRICAL",6145,"Wire/Cable, Electric",Q,Q,000J,7 CFSD SERV,MB,270179H2A,3,0.000 FT,0.000 FT,87.000 FT,87,FT,Foot,AP22,DGAEPM,49B,(A) DAP   7-2-2-2,8/19/2013,0.07 CAD,4N,X,CENTRALIZED MGMT-NORMAL DMND PROCESSING,C,CONSUMABLE STORES,A,Non-controlled good/Demil not required,A,NON-REPAIRABLE,H,#,51069,8/19/2013,,,,
00-0030887:NSN,"SEAL,LIP,PLATE ASSY",5330,Packing/Gasket Mater,#,Not assigned,000J,7 CFSD SERV,MB,202245M2D,2,0.000 EA,0.000 EA,6.000 EA,6,EA,each,L634,DGLEPM,65T,(L) DLP 4-2-3-2,8/19/2013,17.22 CAD,1Z,X,NDHQ CONTROLLED ITEM,C,CONSUMABLE STORES,A,Non-controlled good/Demil not required,A,NON-REPAIRABLE,H,1/23/2018,1631771,1/23/2018,,,,
00-0031179:NSN,"SHIELDING BEAD,ELECTRONIC",5950,Coils/Transformers,#,Not assigned,000J,7 CFSD SERV,MB,202227K5E,2,0.000 EA,0.000 EA,1.000 EA,1,EA,each,AP22,DGAEPM,50L,(A) DAP5/OWSS/ATE,8/19/2013,10.00 CAD,1B,D,ITEM UNDER REVIEW FOR SURPLUS,C,CONSUMABLE STORES,A,Non-controlled good/Demil not required,A,NON-REPAIRABLE,H,3/16/2018,1672233,3/16/2018,,,,
00-0031691:NSN,"SCREW,MACHINE",5305,Screws,#,Not assigned,000J,7 CFSD SERV,MB,234254Q3A,6,0.000 EA,0.000 EA,"5,452.000 EA","5,452",EA,each,A50L,DGAEPM,53G,(A) DAP 7-2-4-3,8/19/2013,0.02 CAD,4N,X,CENTRALIZED MGMT-NORMAL DMND PROCESSING,C,CONSUMABLE STORES,A,Non-controlled good/Demil not required,A,NON-REPAIRABLE,H,#,1388000,2/24/2017,,,,
00-0031953:NSN,"ARM,CARGO EXTRACTIO",1670,Parachutes; Delv/Rec,Q,Q,000J,7 CFSD SERV,MB,230232L1A,6,0.000 EA,0.000 EA,20.000 EA,20,EA,each,A54K,DGAEPM,54J,(A) DAP 2-2-4-4,8/19/2013,4.46 CAD,4J,X,CENT MGT - DEMAND TILL STOCKS EXHAUSTED,C,CONSUMABLE STORES,A,Non-controlled good/Demil not required,A,NON-REPAIRABLE,H,6/11/2015,51129,8/19/2013,,,,
00-0032143:NSN,"PARTS KIT,HYDRAULIC PUMP",4320,Power/Hand Pumps,#,Not assigned,000J,7 CFSD SERV,MB,254191J3B,3,0.000 EA,0.000 EA,5.000 EA,5,EA,each,A51H,DGAEPM,52D,(A) DAP 6-2-4-K,8/19/2013,22.91 CAD,4N,X,CENTRALIZED MGMT-NORMAL DMND PROCESSING,C,CONSUMABLE STORES,A,Non-controlled good/Demil not required,A,NON-REPAIRABLE,H,11/28/2018,51219,8/19/2013,,,,
00-0032537:NSN,"RESISTOR,VARIABLE,NONWIRE WOUND,NONPRECI",5905,Resistors,Q,Q,000J,7 CFSD SERV,MB,222232E2D,2,0.000 EA,0.000 EA,11.000 EA,11,EA,each,N904,DGMEPM,49R,(P) D SVCS C 23333,8/19/2013,0.82 CAD,4N,X,CENTRALIZED MGMT-NORMAL DMND PROCESSING,C,CONSUMABLE STORES,A,Non-controlled good/Demil not required,A,NON-REPAIRABLE,H,#,51261,8/19/2013,,,,
00-0032547:NSN,"RESISTOR,VARIABLE,NONWIRE WOUND,NONPRECI",5905,Resistors,#,Not assigned,000J,7 CFSD SERV,MB,246232J5A,2,0.000 EA,0.000 EA,7.000 EA,7,EA,each,C470,COMMMON,49R,(P) D SVCS C 23333,8/19/2013,19.67 CAD,1B,D,ITEM UNDER REVIEW FOR SURPLUS,C,CONSUMABLE STORES,A,Non-controlled good/Demil not required,A,NON-REPAIRABLE,H,1/24/2018,1633550,1/24/2018,,,,
00-0032576:NSN,"FILTER,RADIO FREQUENCY INTERFERENCE",5915,Filters/Networks,Q,Q,000J,7 CFSD SERV,MB,218195Q2B,5,0.000 EA,0.000 EA,6.000 EA,6,EA,each,A017,DGAEPM,52J,(A) DAP 6-2-3A,8/19/2013,328.51 CAD,4N,X,CENTRALIZED MGMT-NORMAL DMND PROCESSING,C,CONSUMABLE STORES,A,Non-controlled good/Demil not required,A,NON-REPAIRABLE,H,11/6/2018,1823859,11/6/2018,,,,
00-0034110:NSN,"BOLT,CLOSE TOLERANCE",5306,Bolts,#,Not assigned,000J,7 CFSD SERV,MB,258222E3A,4,0.000 EA,0.000 EA,88.000 EA,88,EA,each,MAC1,DGAEPM,57K,(A) DAP 4/OWSM/SM,8/19/2013,16.72 CAD,4N,X,CENTRALIZED MGMT-NORMAL DMND PROCESSING,C,CONSUMABLE STORES,A,Non-controlled good/Demil not required,A,NON-REPAIRABLE,H,#,1777396,8/21/2018,,,,
00-0034332:NSN,"ROD,STRAIGHT,HEADLESS",5340,"Hardware, Commercial",#,Not assigned,000J,7 CFSD SERV,PP,274221F3,33,0.000 EA,0.000 EA,14.000 EA,14,EA,each,MAC4,DGAEPM,57K,(A) DAP 4/OWSM/SM,8/19/2013,8.89 CAD,4N,X,CENTRALIZED MGMT-NORMAL DMND PROCESSING,C,CONSUMABLE STORES,A,Non-controlled good/Demil not required,A,NON-REPAIRABLE,H,9/9/2021,1661127,7/22/2022,,,,
00-0034369:NSN,"VALVE,BUTTERFLY",4810,"Valves, Powered",Q,Q,000J,7 CFSD SERV,PS,316048F1,11,0.000 EA,0.000 EA,4.000 EA,4,EA,each,MAC2,DGAEPM,52E,(A) DAP 4/OWSM/SM,12/18/2014,"8,613.23 CAD",4N,X,CENTRALIZED MGMT-NORMAL DMND PROCESSING,A,ACCOUNTABLE STORES,Q,Non-controlled good/Demil not required,B,3RD LINE ONLY,G,8/4/2020,1086299,11/6/2020,,,,
00-0034369:NSN,"VALVE,BUTTERFLY",4810,"Valves, Powered",Q,Q,000L,7 CFSD Rep Res,RA,282556C1,8,0.000 EA,0.000 EA,1.000 EA,1,EA,each,MAC2,DGAEPM,52E,(A) DAP 4/OWSM/SM,6/29/2017,"8,613.23 CAD",4N,X,CENTRALIZED MGMT-NORMAL DMND PROCESSING,A,ACCOUNTABLE STORES,Q,Non-controlled good/Demil not required,B,3RD LINE ONLY,G,3/9/2021,2329151,12/15/2020,,,,
00-0034529:NSN,"LINK ASSEMBLY,TRAC",1560,Airframe Structural,#,Not assigned,000J,7 CFSD SERV,MB,258212G1A,4,0.000 EA,0.000 EA,10.000 EA,10,EA,each,MAC1,DGAEPM,57K,(A) DAP 4/OWSM/SM,8/19/2013,200.00 CAD,4N,X,CENTRALIZED MGMT-NORMAL DMND PROCESSING,C,CONSUMABLE STORES,Q,Non-controlled good/Demil not required,A,NON-REPAIRABLE,H,9/12/2018,1789498,9/12/2018,,,,
00-0035196:NSN,"CONNECTOR,PLUG,ELECTRICAL",5935,"Connectors, Electric",#,Not assigned,000J,7 CFSD SERV,MA,262236A2,8,0.000 EA,0.000 EA,50.000 EA,50,EA,each,N040,DGMEPM,27D,(M)D MAR P 4-3-6-5,8/19/2013,9.53 CAD,1B,X,ITEM UNDER REVIEW FOR SURPLUS,C,CONSUMABLE STORES,A,Non-controlled good/Demil not required,A,NON-REPAIRABLE,H,10/25/2019,2075194,10/25/2019,,,,
00-0035782:NSN,"RESISTOR,FIXED,FILM",5905,Resistors,Q,Q,000J,7 CFSD SERV,MB,210212L1B,2,0.000 EA,0.000 EA,6.000 EA,6,EA,each,C470,COMMMON,49R,(P) D SVCS C 23333,8/19/2013,0.75 CAD,4G,X,US DOD STOCKED - COLOG ELIGIBLE,C,CONSUMABLE STORES,A,Non-controlled good/Demil not required,A,NON-REPAIRABLE,H,#,51796,8/19/2013,,,,
00-0035919:NSN,"ADAPTER,STRAIGHT,PIPE TO TUBE",4730,Hose/Pipe Fittings,#,Not assigned,000J,7 CFSD SERV,MB,262236J1A,6,0.000 EA,0.000 EA,131.000 EA,131,EA,each,L634,DGLEPM,65W,(L) DLP 4-2-3-2,8/19/2013,1.67 CAD,4G,X,US DOD STOCKED - COLOG ELIGIBLE,C,CONSUMABLE STORES,A,Non-controlled good/Demil not required,A,NON-REPAIRABLE,H,5/3/2018,1718090,5/3/2018,,,,
00-0036140:NSN,"INSULATOR,PLATE",5970,Electrical Insulator,#,Not assigned,000J,7 CFSD SERV,MB,214229M5C,2,0.000 EA,0.000 EA,288.000 EA,288,EA,each,A31Q,DGAEPM,52J,(A) DAP 6-2-3A,8/19/2013,0.62 CAD,4N,X,CENTRALIZED MGMT-NORMAL DMND PROCESSING,C,CONSUMABLE STORES,A,Non-controlled good/Demil not required,A,NON-REPAIRABLE,H,10/29/2018,1818828,10/29/2018,,,,
00-0036706:NSN,"NUT SPACER,PLATE",5310,Nuts/Washers,Q,Q,000J,7 CFSD SERV,MB,254224K6A,2,0.000 EA,0.000 EA,114.000 EA,114,EA,each,A523,DGAEPM,50A,L3 SM 5,8/19/2013,0.50 CAD,4N,X,CENTRALIZED MGMT-NORMAL DMND PROCESSING,C,CONSUMABLE STORES,A,Non-controlled good/Demil not required,A,NON-REPAIRABLE,H,#,51676,5/13/2019,,,,
00-0036813:NSN,"SPACER,RING",5365,Rings/Shims/Spacers,#,Not assigned,000J,7 CFSD SERV,MB,258235N2C,2,0.000 EA,0.000 EA,92.000 EA,92,EA,each,A20C,DGAEPM,50F,(A) DAP-5-3-2-5,8/19/2013,0.15 CAD,4G,X,US DOD STOCKED - COLOG ELIGIBLE,C,CONSUMABLE STORES,A,Non-controlled good/Demil not required,A,NON-REPAIRABLE,H,5/16/2018,1726322,5/20/2020,,,,
00-0036859:NSN,"SPRING,HELICAL,COMPRESSION",5360,Coil/Flat/Wire Sprng,Q,Q,000J,7 CFSD SERV,MB,202211E4E,2,0.000 EA,0.000 EA,41.000 EA,41,EA,each,A50J,DGAEPM,50V,(A) DAP 5-3-2-2-2,8/19/2013,1.22 CAD,4N,X,CENTRALIZED MGMT-NORMAL DMND PROCESSING,C,CONSUMABLE STORES,A,Non-controlled good/Demil not required,A,NON-REPAIRABLE,H,#,51912,8/19/2013,,,,
00-0036916:NSN,"BOLT,CLOSE TOLERANCE",5306,Bolts,#,Not assigned,000J,7 CFSD SERV,MB,202165H4E,2,0.000 EA,0.000 EA,2.000 EA,2,EA,each,MAC1,DGAEPM,57K,(A) DAP 4/OWSM/SM,3/1/2022,69.63 CAD,4N,X,CENTRALIZED MGMT-NORMAL DMND PROCESSING,C,CONSUMABLE STORES,A,Non-controlled good/Demil not required,A,NON-REPAIRABLE,H,3/1/2022,2719707,3/1/2022,,,,
00-0036930:NSN,PLUNGER,5342,"Hardware, Weapon Sys",Q,Q,000J,7 CFSD SERV,MB,202225H2A,2,0.000 EA,0.000 EA,9.000 EA,9,EA,each,AB26,DGAEPM,54B,(A)  DAP 2-2-5-2,8/19/2013,81.26 CAD,4N,X,CENTRALIZED MGMT-NORMAL DMND PROCESSING,C,CONSUMABLE STORES,A,Non-controlled good/Demil not required,A,NON-REPAIRABLE,H,#,51983,8/19/2013,,,,
00-0036931:NSN,PLUNGER,5342,"Hardware, Weapon Sys",Q,Q,000J,7 CFSD SERV,MB,246222M6B,2,0.000 EA,0.000 EA,11.000 EA,11,EA,each,AB26,DGAEPM,54B,(A)  DAP 2-2-5-2,8/19/2013,97.04 CAD,4N,X,CENTRALIZED MGMT-NORMAL DMND PROCESSING,C,CONSUMABLE STORES,A,Non-controlled good/Demil not required,A,NON-REPAIRABLE,H,2/12/2018,1647131,2/12/2018,,,,
00-0036951:NSN,PIN-RIVET,5320,Rivets,#,Not assigned,000J,7 CFSD SERV,MB,214222K5D,2,0.000 EA,0.000 EA,200.000 EA,200,EA,each,A523,DGAEPM,50A,L3 SM 5,8/19/2013,0.61 CAD,4G,X,US DOD STOCKED - COLOG ELIGIBLE,C,CONSUMABLE STORES,A,Non-controlled good/Demil not required,A,NON-REPAIRABLE,H,12/4/2018,1843600,12/4/2018,,,,
00-0037212:NSN,"COVER,ACCESS",5340,"Hardware, Commercial",#,Not assigned,000J,7 CFSD SERV,MB,202245K4C,2,0.000 EA,0.000 EA,1.000 EA,1,EA,each,MAC1,DGAEPM,57K,(A) DAP 4/OWSM/SM,8/19/2013,354.32 CAD,1R,X,QD MESSAGE FORMAT,C,CONSUMABLE STORES,A,Non-controlled good/Demil not required,A,NON-REPAIRABLE,H,#,52060,8/19/2013,,,,
00-0037846:NSN,"COUPLING,CLAMP,GROOVED",5342,"Hardware, Weapon Sys",#,Not assigned,000J,7 CFSD SERV,MB,270253M1B,5,0.000 EA,0.000 EA,1.000 EA,1,EA,each,MAC3,DGAEPM,57K,(A) DAP 4/OWSM/SM,8/19/2013,130.50 CAD,4N,X,CENTRALIZED MGMT-NORMAL DMND PROCESSING,C,CONSUMABLE STORES,A,Non-controlled good/Demil not required,A,NON-REPAIRABLE,H,5/28/2018,1732843,5/28/2018,,,,
00-0038336:NSN,"PAD,CUSHIONING",2590,Vehicular Components,#,Not assigned,000J,7 CFSD SERV,MB,270218C1B,6,0.000 EA,0.000 EA,20.000 EA,20,EA,each,L634,DGLEPM,65R,(L) DLP 4-2-3-2,8/19/2013,7.59 CAD,1Z,X,NDHQ CONTROLLED ITEM,C,CONSUMABLE STORES,A,Non-controlled good/Demil not required,A,NON-REPAIRABLE,H,#,1596737,11/21/2017,,,,
00-0038647:NSN,"CAP,MISSILE",1420,Guided Missile Cmpnt,#,Not assigned,000J,7 CFSD SERV,MB,222182N1D,2,0.000 EA,0.000 EA,5.000 EA,5,EA,each,A50L,DGAEPM,50W,(A) DAP 5-3-2-5,8/19/2013,14.72 CAD,1B,G,ITEM UNDER REVIEW FOR SURPLUS,C,CONSUMABLE STORES,D,Controlled-key components/demil-destroy,A,NON-REPAIRABLE,E,10/7/2021,52403,8/19/2013,,,,
00-0038824:NSN,"ELBOW,TUBE",4730,Hose/Pipe Fittings,Q,Q,000J,7 CFSD SERV,MB,254232A2A,6,0.000 EA,0.000 EA,26.000 EA,26,EA,each,A523,DGAEPM,50A,L3 SM 5,8/19/2013,50.08 CAD,4N,X,CENTRALIZED MGMT-NORMAL DMND PROCESSING,C,CONSUMABLE STORES,A,Non-controlled good/Demil not required,A,NON-REPAIRABLE,H,#,52485,10/7/2020,,,,
00-0038825:NSN,"ELBOW,TUBE",4730,Hose/Pipe Fittings,Q,Q,000J,7 CFSD SERV,MB,266209Q1B,6,0.000 EA,0.000 EA,72.000 EA,72,EA,each,A523,DGAEPM,50A,L3 SM 5,8/19/2013,43.69 CAD,4N,X,CENTRALIZED MGMT-NORMAL DMND PROCESSING,C,CONSUMABLE STORES,A,Non-controlled good/Demil not required,A,NON-REPAIRABLE,H,#,1375793,2/9/2017,,,,
00-0039157:NSN,O-RING,5331,O-Rings,V,SLM-HUMIDIFIED STORAGE-NON EXTENDABLE SL,000J,7 CFSD SERV,MB,250198K5B,2,0.000 EA,0.000 EA,40.000 EA,40,EA,each,A20C,DGAEPM,50D,L3 SM 1,8/30/2022,0.17 CAD,4G,X,US DOD STOCKED - COLOG ELIGIBLE,C,CONSUMABLE STORES,A,Non-controlled good/Demil not required,A,NON-REPAIRABLE,H,#,2828630,8/30/2022,,,,
00-0039249:NSN,"SCREW,TAPPING",5305,Screws,Q,Q,000J,7 CFSD SERV,MB,222182M1B,3,0.000 EA,0.000 EA,763.000 EA,763,EA,each,NSTC,Not assigned,66H,(L) DLP 5-2-2,8/19/2013,0.02 CAD,4J,X,CENT MGT - DEMAND TILL STOCKS EXHAUSTED,C,CONSUMABLE STORES,A,Non-controlled good/Demil not required,A,NON-REPAIRABLE,H,#,52583,8/19/2013,,,,
00-0039264:NSN,"NUT,PLAIN,HEXAGON",5310,Nuts/Washers,Q,Q,000J,7 CFSD SERV,MB,254221K4A,3,0.000 EA,0.000 EA,78.000 EA,78,EA,each,L670,DGLEPM,35E,(L) DLP 6-3-3-3C,8/19/2013,1.54 CAD,4N,X,CENTRALIZED MGMT-NORMAL DMND PROCESSING,C,CONSUMABLE STORES,A,Non-controlled good/Demil not required,A,NON-REPAIRABLE,H,#,52640,4/5/2017,,,,
00-0039825:NSN,"RECTIFIER,SEMICONDUCTOR DEVICE,UNITIZED",5961,Semiconductor Device,Q,Q,000J,7 CFSD SERV,MB,218224G2A,3,0.000 EA,0.000 EA,15.000 EA,15,EA,each,C495,COMMMON,49N,(P) D SVCS C 23333,8/19/2013,29.91 CAD,4N,X,CENTRALIZED MGMT-NORMAL DMND PROCESSING,C,CONSUMABLE STORES,A,Non-controlled good/Demil not required,A,NON-REPAIRABLE,H,#,52626,8/19/2013,,,,
00-0040070:NSN,"RESISTOR NETWORK,FIXED,FILM",5905,Resistors,#,Not assigned,000J,7 CFSD SERV,MB,218216L6C,2,0.000 EA,0.000 EA,1.000 EA,1,EA,each,A017,DGAEPM,49R,(P) D SVCS C 23333,8/19/2013,241.28 CAD,4N,X,CENTRALIZED MGMT-NORMAL DMND PROCESSING,C,CONSUMABLE STORES,A,Non-controlled good/Demil not required,A,NON-REPAIRABLE,H,#,52683,8/19/2013,,,,
00-0040088:NSN,"MOUNTING PAD,ELECTRICAL-ELECTRONIC COMPO",5999,Misc Electric Compnt,#,Not assigned,000J,7 CFSD SERV,MB,270183H4A,3,0.000 EA,0.000 EA,108.000 EA,108,EA,each,A212,DGAEPM,49G,(P) D SVCS C 2323,8/19/2013,0.36 CAD,4G,X,US DOD STOCKED - COLOG ELIGIBLE,C,CONSUMABLE STORES,A,Non-controlled good/Demil not required,A,NON-REPAIRABLE,H,#,52660,8/19/2013,,,,
00-0040763:NSN,"SPACER,RING",5365,Rings/Shims/Spacers,#,Not assigned,000J,7 CFSD SERV,MB,234253P2B,6,0.000 EA,0.000 EA,12.000 EA,12,EA,each,L634,DGLEPM,65T,(L) DLP 4-2-3-2,8/19/2013,20.39 CAD,4G,X,US DOD STOCKED - COLOG ELIGIBLE,C,CONSUMABLE STORES,A,Non-controlled good/Demil not required,A,NON-REPAIRABLE,H,1/9/2018,1619967,1/9/2018,,,,
00-0041167:NSN,"ELBOW,TUBE",4730,Hose/Pipe Fittings,Q,Q,000J,7 CFSD SERV,MB,258229E5C,2,0.000 EA,0.000 EA,1.000 EA,1,EA,each,A512,DGAEPM,50C,L3 SM 2,8/19/2013,101.77 CAD,4G,X,US DOD STOCKED - COLOG ELIGIBLE,C,CONSUMABLE STORES,A,Non-controlled good/Demil not required,A,NON-REPAIRABLE,H,9/11/2018,1789058,10/5/2020,,,,
00-0041170:NSN,"ELBOW,TUBE",4730,Hose/Pipe Fittings,Q,Q,000J,7 CFSD SERV,MB,266232K5A,4,0.000 EA,0.000 EA,24.000 EA,24,EA,each,A20C,DGAEPM,50F,(A) DAP-5-3-2-5,8/19/2013,38.54 CAD,4G,X,US DOD STOCKED - COLOG ELIGIBLE,C,CONSUMABLE STORES,A,Non-controlled good/Demil not required,A,NON-REPAIRABLE,H,#,52871,8/19/2013,,,,
00-0712094:NSN,"SCREW,MACHINE",5305,Screws,Q,Q,000J,7 CFSD SERV,MB,254189J1C,2,0.000 EA,0.000 EA,4.000 EA,4,EA,each,NM16,DGMEPM,24C,(M)D MAR P 4-3-2-7,8/19/2013,0.17 CAD,4J,X,CENT MGT - DEMAND TILL STOCKS EXHAUSTED,C,CONSUMABLE STORES,A,Non-controlled good/Demil not required,A,NON-REPAIRABLE,H,11/26/2018,177970,1/24/2018,,,,
00-0824897:NSN,"TERMINAL,FEEDTHRU",5940,Lugs/Terminal Strips,#,Not assigned,000J,7 CFSD SERV,MB,238232N1C,2,0.000 EA,0.000 EA,23.000 EA,23,EA,each,NM16,DGMEPM,49G,(P) D SVCS C 2323,8/19/2013,0.94 CAD,4G,X,US DOD STOCKED - COLOG ELIGIBLE,C,CONSUMABLE STORES,A,Non-controlled good/Demil not required,A,NON-REPAIRABLE,H,#,195373,8/20/2013,,,,
00-1031657:NSN,"CONNECTOR,RECEPTACLE,ELECTRICAL",5935,"Connectors, Electric",#,Not assigned,000J,7 CFSD SERV,MB,250246L2B,2,0.000 EA,0.000 EA,1.000 EA,1,EA,each,NM16,DGMEPM,55H,(A) DAP 4-3-5-2,8/19/2013,6.62 CAD,4G,X,US DOD STOCKED - COLOG ELIGIBLE,C,CONSUMABLE STORES,A,Non-controlled good/Demil not required,A,NON-REPAIRABLE,H,#,1395300,3/8/2017,,,,
00-1063596:NSN,"SWITCH,TOGGLE",5930,Switches,Q,Q,000J,7 CFSD SERV,MB,246218N2C,2,0.000 EA,0.000 EA,5.000 EA,5,EA,each,NM16,DGMEPM,49G,(P) D SVCS C 2323,8/19/2013,32.77 CAD,4N,X,CENTRALIZED MGMT-NORMAL DMND PROCESSING,C,CONSUMABLE STORES,A,Non-controlled good/Demil not required,A,NON-REPAIRABLE,H,#,227377,8/20/2013,,,,
00-1245485:NSN,CIRCUIT CARD ASSEMBLY,5998,Electric Assem/Board,Y,ELECTROSTATIC SENSITIVE ELECTRONIC ITEMS,000M,7 CFSD Disposal,999,LOST&FOUND,#,0.000 EA,0.000 EA,0.000 EA,-1,EA,each,AP22,DGAEPM,51L,(A) DAP5/OWSS/AV,#,"1,325.00 CAD",1B,D,ITEM UNDER REVIEW FOR SURPLUS,A,ACCOUNTABLE STORES,Q,Non-controlled good/Demil not required,B,3RD LINE ONLY,G,#,2829776,9/1/2022,,,,
00-1245485:NSN,CIRCUIT CARD ASSEMBLY,5998,Electric Assem/Board,Y,ELECTROSTATIC SENSITIVE ELECTRONIC ITEMS,000M,7 CFSD Disposal,MA,222255H3,8,0.000 EA,0.000 EA,0.000 EA,1,EA,each,AP22,DGAEPM,51L,(A) DAP5/OWSS/AV,#,"1,325.00 CAD",1B,D,ITEM UNDER REVIEW FOR SURPLUS,A,ACCOUNTABLE STORES,Q,Non-controlled good/Demil not required,B,3RD LINE ONLY,G,#,2829777,9/1/2022,,,,
00-1484250:NSN,"CONNECTOR BODY,PLUG,ELECTRICAL",5935,"Connectors, Electric",#,Not assigned,000J,7 CFSD SERV,MB,250231M2A,3,0.000 EA,0.000 EA,26.000 EA,26,EA,each,NM16,DGMEPM,50N,(A) DAP-5-3-2-5,8/19/2013,0.30 CAD,4G,X,US DOD STOCKED - COLOG ELIGIBLE,C,CONSUMABLE STORES,A,Non-controlled good/Demil not required,A,NON-REPAIRABLE,H,3/15/2018,1670954,3/15/2018,,,,
00-1591290:NSN,"TERMINAL,LUG",5940,Lugs/Terminal Strips,#,Not assigned,000J,7 CFSD SERV,MB,222200G4A,2,0.000 EA,0.000 EA,44.000 EA,44,EA,each,NM16,DGMEPM,24C,(M)D MAR P 4-3-2-7,8/19/2013,0.05 CAD,4G,X,US DOD STOCKED - COLOG ELIGIBLE,C,CONSUMABLE STORES,A,Non-controlled good/Demil not required,A,NON-REPAIRABLE,H,#,307576,8/20/2013,,,,
00-1845981:NSN,"CONNECTOR,RECEPTACLE,ELECTRICAL",5935,"Connectors, Electric",#,Not assigned,000J,7 CFSD SERV,MB,214247K6B,3,0.000 EA,0.000 EA,7.000 EA,7,EA,each,NM16,DGMEPM,52K,(A) DAP 6-3-5B,8/20/2013,6.11 CAD,4G,X,US DOD STOCKED - COLOG ELIGIBLE,C,CONSUMABLE STORES,A,Non-controlled good/Demil not required,A,NON-REPAIRABLE,H,#,330647,8/20/2013,,,,
00-2017969:NSN,"CONNECTOR,PLUG,ELECTRICAL",5935,"Connectors, Electric",#,Not assigned,000J,7 CFSD SERV,MA,238250D2,9,0.000 EA,0.000 EA,136.000 EA,136,EA,each,NM16,DGMEPM,55H,(A) DAP 4-3-5-2,8/20/2013,21.00 CAD,4N,X,CENTRALIZED MGMT-NORMAL DMND PROCESSING,C,CONSUMABLE STORES,A,Non-controlled good/Demil not required,A,NON-REPAIRABLE,H,2/28/2020,2164163,3/3/2020,,,,
00-2257775:NSN,"SCREW,CAP,SOCKET HEAD",5305,Screws,Q,Q,000J,7 CFSD SERV,MB,266188G1C,3,0.000 EA,0.000 EA,225.000 EA,225,EA,each,NM16,DGMEPM,24C,(M)D MAR P 4-3-2-7,8/20/2013,0.84 CAD,4G,X,US DOD STOCKED - COLOG ELIGIBLE,C,CONSUMABLE STORES,A,Non-controlled good/Demil not required,A,NON-REPAIRABLE,H,#,356824,8/20/2013,,,,
00-2505548:NSN,"CONNECTOR,RECEPTACLE,ELECTRICAL",5935,"Connectors, Electric",#,Not assigned,000J,7 CFSD SERV,MB,234252P3A,7,0.000 EA,0.000 EA,25.000 EA,25,EA,each,NM16,DGMEPM,52T,(A) DAP 6-3-5-B,8/20/2013,72.35 CAD,4G,X,US DOD STOCKED - COLOG ELIGIBLE,C,CONSUMABLE STORES,A,Non-controlled good/Demil not required,A,NON-REPAIRABLE,H,2/20/2018,1652736,2/20/2018,,,,
00-2516573:NSN,"RETAINER,ELECTRICAL CONNECTOR",5935,"Connectors, Electric",#,Not assigned,000J,7 CFSD SERV,MB,230182H1A,6,0.000 EA,0.000 EA,682.000 EA,682,EA,each,NM16,DGMEPM,24C,(M)D MAR P 4-3-2-7,8/20/2013,1.49 CAD,4N,X,CENTRALIZED MGMT-NORMAL DMND PROCESSING,C,CONSUMABLE STORES,A,Non-controlled good/Demil not required,A,NON-REPAIRABLE,H,7/11/2018,1502782,12/20/2021,,,,
00-3183137:NSN,"RESISTOR,FIXED,FILM",5905,Resistors,Y,ELECTROSTATIC SENSITIVE ELECTRONIC ITEMS,000J,7 CFSD SERV,MB,218216F5A,2,0.000 EA,0.000 EA,7.000 EA,7,EA,each,NM16,DGMEPM,49R,(P) D SVCS C 23333,8/19/2013,0.36 CAD,4G,X,US DOD STOCKED - COLOG ELIGIBLE,C,CONSUMABLE STORES,A,Non-controlled good/Demil not required,A,NON-REPAIRABLE,H,8/28/2018,1780848,8/28/2018,,,,
00-3441952:NSN,"CONNECTOR,PLUG,ELECTRICAL",5935,"Connectors, Electric",Q,Q,000J,7 CFSD SERV,MB,210246P2A,6,0.000 EA,0.000 EA,8.000 EA,8,EA,each,NM16,DGMEPM,52T,(A) DAP 6-3-5-B,8/19/2013,20.96 CAD,4G,X,US DOD STOCKED - COLOG ELIGIBLE,C,CONSUMABLE STORES,A,Non-controlled good/Demil not required,A,NON-REPAIRABLE,H,3/16/2018,1672616,8/25/2022,,,,
00-3528789:NSN,"CONNECTOR,PLUG,ELECTRICAL",5935,"Connectors, Electric",#,Not assigned,000J,7 CFSD SERV,MB,222175E4B,2,0.000 EA,0.000 EA,3.000 EA,3,EA,each,NM16,DGMEPM,52T,(A) DAP 6-3-5-B,8/19/2013,22.03 CAD,4G,X,US DOD STOCKED - COLOG ELIGIBLE,C,CONSUMABLE STORES,A,Non-controlled good/Demil not required,A,NON-REPAIRABLE,H,#,1380247,2/15/2017,,,,
00-4791494:NSN,"SEMICONDUCTOR DEVICE,DIODE",5961,Semiconductor Device,Y,ELECTROSTATIC SENSITIVE ELECTRONIC ITEMS,000J,7 CFSD SERV,MB,234232P3A,6,0.000 EA,0.000 EA,41.000 EA,41,EA,each,NM16,DGMEPM,24C,(M)D MAR P 4-3-2-7,8/19/2013,3.99 CAD,4N,X,CENTRALIZED MGMT-NORMAL DMND PROCESSING,C,CONSUMABLE STORES,A,Non-controlled good/Demil not required,A,NON-REPAIRABLE,H,#,311325,8/20/2013,,,,
00-4891997:NSN,"CONNECTOR,RECEPTACLE,ELECTRICAL",5935,"Connectors, Electric",#,Not assigned,000J,7 CFSD SERV,MB,230227N6C,2,0.000 EA,0.000 EA,19.000 EA,19,EA,each,NM16,DGMEPM,53G,(A) DAP 7-2-4-3,8/19/2013,18.92 CAD,4G,X,US DOD STOCKED - COLOG ELIGIBLE,C,CONSUMABLE STORES,A,Non-controlled good/Demil not required,A,NON-REPAIRABLE,H,#,1635030,1/25/2018,,,,
00-4968009:NSN,"CONTACT,ELECTRICAL",5999,Misc Electric Compnt,Q,Q,000J,7 CFSD SERV,MB,270209H3D,2,0.000 EA,0.000 EA,30.000 EA,30,EA,each,NM16,DGMEPM,47Q,(P) D SVC C 2-3-5,8/20/2013,6.34 CAD,4G,X,US DOD STOCKED - COLOG ELIGIBLE,C,CONSUMABLE STORES,A,Non-controlled good/Demil not required,A,NON-REPAIRABLE,H,7/5/2018,1753848,7/5/2018,,,,
00-5028480:NSN,TERMINAL BOARD,5940,Lugs/Terminal Strips,#,Not assigned,000J,7 CFSD SERV,MB,218227C1B,5,0.000 EA,0.000 EA,4.000 EA,4,EA,each,NM16,DGMEPM,24C,(M)D MAR P 4-3-2-7,12/10/2013,8.44 CAD,4G,X,US DOD STOCKED - COLOG ELIGIBLE,C,CONSUMABLE STORES,A,Non-controlled good/Demil not required,A,NON-REPAIRABLE,H,#,499893,12/10/2013,,,,
00-5262958:NSN,"RIVET,SOLID",5320,Rivets,Q,Q,000J,7 CFSD SERV,MB,206251G2A,6,0.000 LB,0.000 LB,10.000 LB,10,LB,US pound,NM16,DGMEPM,24C,(M)D MAR P 4-3-2-7,8/20/2013,31.00 CAD,4G,X,US DOD STOCKED - COLOG ELIGIBLE,C,CONSUMABLE STORES,A,Non-controlled good/Demil not required,A,NON-REPAIRABLE,H,10/26/2017,1579997,10/26/2017,,,,
00-6324063:NSN,"CONNECTOR,PLUG,ELECTRICAL",5935,"Connectors, Electric",#,Not assigned,000J,7 CFSD SERV,MB,218175C1A,5,0.000 EA,0.000 EA,5.000 EA,5,EA,each,NM16,DGMEPM,52T,(A) DAP 6-3-5-B,8/19/2013,23.37 CAD,4G,X,US DOD STOCKED - COLOG ELIGIBLE,C,CONSUMABLE STORES,A,Non-controlled good/Demil not required,A,NON-REPAIRABLE,H,#,178052,8/19/2013,,,,
00-6657657:NSN,"CONNECTOR,PLUG,ELECTRICAL",5935,"Connectors, Electric",#,Not assigned,000J,7 CFSD SERV,MB,214193G2C,5,0.000 EA,0.000 EA,18.000 EA,18,EA,each,NM16,DGMEPM,53G,(A) DAP 7-2-4-3,8/19/2013,3.15 CAD,4N,X,CENTRALIZED MGMT-NORMAL DMND PROCESSING,C,CONSUMABLE STORES,A,Non-controlled good/Demil not required,A,NON-REPAIRABLE,H,#,1693574,4/11/2018,,,,
00-7259498:NSN,"TERMINAL,STUD",5940,Lugs/Terminal Strips,#,Not assigned,000J,7 CFSD SERV,MB,202171J4A,2,0.000 EA,0.000 EA,"1,568.000 EA","1,568",EA,each,NM16,DGMEPM,48H,(P) D SVC C 2-3-5,8/19/2013,0.47 CAD,4G,X,US DOD STOCKED - COLOG ELIGIBLE,C,CONSUMABLE STORES,A,Non-controlled good/Demil not required,A,NON-REPAIRABLE,H,1/3/2020,306137,8/20/2013,,,,
00-7553494:NSN,"CONNECTOR,RECEPTACLE,ELECTRICAL",5935,"Connectors, Electric",#,Not assigned,000J,7 CFSD SERV,MB,218174E6A,2,0.000 EA,0.000 EA,2.000 EA,2,EA,each,NM16,DGMEPM,52V,(A) DAP 6-3-5-B,8/20/2013,18.46 CAD,4G,X,US DOD STOCKED - COLOG ELIGIBLE,C,CONSUMABLE STORES,A,Non-controlled good/Demil not required,A,NON-REPAIRABLE,H,#,325429,8/20/2013,,,,
00-8031056:NSN,"NUT,PLAIN,HEXAGON",5310,Nuts/Washers,Q,Q,000J,7 CFSD SERV,MB,202230L6A,2,0.000 EA,0.000 EA,21.000 EA,21,EA,each,NM16,DGMEPM,24C,(M)D MAR P 4-3-2-7,8/20/2013,0.20 CAD,4G,X,US DOD STOCKED - COLOG ELIGIBLE,C,CONSUMABLE STORES,A,Non-controlled good/Demil not required,A,NON-REPAIRABLE,H,#,359657,8/20/2013,,,,
00-8150653:NSN,"NUT,SELF-LOCKING,HEXAGON",5310,Nuts/Washers,Q,Q,000J,7 CFSD SERV,MB,214213J5C,2,0.000 EA,0.000 EA,91.000 EA,91,EA,each,NM16,DGMEPM,49T,(L) DLP 7-4-2-1,8/20/2013,0.76 CAD,4G,X,US DOD STOCKED - COLOG ELIGIBLE,C,CONSUMABLE STORES,A,Non-controlled good/Demil not required,A,NON-REPAIRABLE,H,9/12/2018,1789537,5/21/2020,,,,
00-8210345:NSN,"CONNECTOR,RECEPTACLE,ELECTRICAL",5935,"Connectors, Electric",#,Not assigned,000J,7 CFSD SERV,MB,226237G2A,5,0.000 EA,0.000 EA,13.000 EA,13,EA,each,NM16,DGMEPM,53G,(A) DAP 7-2-4-3,8/20/2013,6.14 CAD,4G,X,US DOD STOCKED - COLOG ELIGIBLE,C,CONSUMABLE STORES,A,Non-controlled good/Demil not required,A,NON-REPAIRABLE,H,#,377297,8/20/2013,,,,
00-8242022:NSN,"SCREW,MACHINE",5305,Screws,Q,Q,000J,7 CFSD SERV,MB,246223E5A,3,0.000 EA,0.000 EA,351.000 EA,351,EA,each,NM16,DGMEPM,24C,(M)D MAR P 4-3-2-7,8/20/2013,5.24 CAD,4G,X,US DOD STOCKED - COLOG ELIGIBLE,C,CONSUMABLE STORES,A,Non-controlled good/Demil not required,A,NON-REPAIRABLE,H,2/6/2018,1642400,2/1/2019,,,,
00-8255029:NSN,"TERMINAL,LUG",5940,Lugs/Terminal Strips,#,Not assigned,000J,7 CFSD SERV,MB,202237J6A,2,0.000 PG,0.000 PG,22.000 PG,22,PG,Package,NM16,DGMEPM,24C,(M)D MAR P 4-3-2-7,10/18/2016,1.24 CAD,4N,X,CENTRALIZED MGMT-NORMAL DMND PROCESSING,C,CONSUMABLE STORES,A,Non-controlled good/Demil not required,A,NON-REPAIRABLE,H,10/23/2017,1576891,10/23/2017,,,,
00-8503339:NSN,"RIVET,SOLID",5320,Rivets,#,Not assigned,000J,7 CFSD SERV,MB,258239G4E,2,0.000 LB,0.000 LB,4.000 LB,4,LB,US pound,NM16,DGMEPM,24C,(M)D MAR P 4-3-2-7,8/19/2013,5.22 CAD,4G,X,US DOD STOCKED - COLOG ELIGIBLE,C,CONSUMABLE STORES,A,Non-controlled good/Demil not required,A,NON-REPAIRABLE,H,#,1395813,3/8/2017,,,,
00-8526408:NSN,SHACKLE,4030,Fittings-Rope/Cable/,#,Not assigned,000J,7 CFSD SERV,MB,250194K1C,2,0.000 EA,0.000 EA,24.000 EA,24,EA,each,A57G,DGAEPM,52W,(A) DAP 4-3-5-2-4,9/2/2022,5.02 CAD,4N,X,CENTRALIZED MGMT-NORMAL DMND PROCESSING,C,CONSUMABLE STORES,A,Non-controlled good/Demil not required,A,NON-REPAIRABLE,H,#,2830438,9/6/2022,,,,
00-8628128:NSN,"SPACER,SLEEVE",5365,Rings/Shims/Spacers,#,Not assigned,000J,7 CFSD SERV,MB,202190N2D,2,0.000 EA,0.000 EA,15.000 EA,15,EA,each,NM16,DGMEPM,24C,(M)D MAR P 4-3-2-7,8/19/2013,1.55 CAD,4N,X,CENTRALIZED MGMT-NORMAL DMND PROCESSING,C,CONSUMABLE STORES,A,Non-controlled good/Demil not required,A,NON-REPAIRABLE,H,1/27/2020,115482,8/19/2013,,,,
00-9397825:NSN,"TERMINAL,STUD",5940,Lugs/Terminal Strips,#,Not assigned,000J,7 CFSD SERV,MB,234232E5B,3,0.000 EA,0.000 EA,10.000 EA,10,EA,each,NM16,DGMEPM,24C,(M)D MAR P 4-3-2-7,8/19/2013,0.73 CAD,4G,X,US DOD STOCKED - COLOG ELIGIBLE,C,CONSUMABLE STORES,A,Non-controlled good/Demil not required,A,NON-REPAIRABLE,H,4/4/2018,1686708,4/4/2018,,,,
00-9887834:NSN,"SCREW,CAP,SOCKET HEAD",5305,Screws,Q,Q,000J,7 CFSD SERV,MB,238212M6B,2,0.000 EA,0.000 EA,8.000 EA,8,EA,each,NM16,DGMEPM,24C,(M)D MAR P 4-3-2-7,8/20/2013,0.40 CAD,4G,X,US DOD STOCKED - COLOG ELIGIBLE,C,CONSUMABLE STORES,A,Non-controlled good/Demil not required,A,NON-REPAIRABLE,H,1/19/2018,1627816,1/19/2018,,,,
01-0069170:NSN,"WIRE,ELECTRICAL",6145,"Wire/Cable, Electric",#,Not assigned,000J,7 CFSD SERV,MB,214169M1A,5,0.000 FT,0.000 FT,100.000 FT,100,FT,Foot,NM16,DGMEPM,50N,(A) DAP-5-3-2-5,8/20/2013,0.63 CAD,4N,X,CENTRALIZED MGMT-NORMAL DMND PROCESSING,C,CONSUMABLE STORES,A,Non-controlled good/Demil not required,A,NON-REPAIRABLE,H,#,2433348,3/26/2021,,,,
01-0182521:NSN,"MICROCIRCUIT,LINEAR",5962,"Microcircuits, Elect",Y,ELECTROSTATIC SENSITIVE ELECTRONIC ITEMS,000M,7 CFSD Disposal,MB,270221M5B,2,0.000 EA,0.000 EA,5.000 EA,5,EA,each,NM16,DGMEPM,234,(M)D MAR P 4-2-3-3,8/20/2013,8.31 CAD,1B,D,ITEM UNDER REVIEW FOR SURPLUS,C,CONSUMABLE STORES,Q,Non-controlled good/Demil not required,A,NON-REPAIRABLE,H,#,2168729,3/6/2020,,,,
01-0218051:NSN,"MICROCIRCUIT,LINEAR",5962,"Microcircuits, Elect",Y,ELECTROSTATIC SENSITIVE ELECTRONIC ITEMS,000M,7 CFSD Disposal,MB,214222H6D,2,0.000 EA,0.000 EA,7.000 EA,7,EA,each,NM16,DGMEPM,234,(M)D MAR P 4-2-3-3,8/20/2013,137.97 CAD,1B,D,ITEM UNDER REVIEW FOR SURPLUS,C,CONSUMABLE STORES,Q,Non-controlled good/Demil not required,A,NON-REPAIRABLE,H,#,2193543,4/24/2020,,,,
01-0337807:NSN,"CONNECTOR BODY,PLUG,ELECTRICAL",5935,"Connectors, Electric",#,Not assigned,000J,7 CFSD SERV,MB,210236K4C,3,0.000 EA,0.000 EA,34.000 EA,34,EA,each,NM16,DGMEPM,49F,(A) DAP   7-2-2-2,8/19/2013,3.13 CAD,4N,X,CENTRALIZED MGMT-NORMAL DMND PROCESSING,C,CONSUMABLE STORES,A,Non-controlled good/Demil not required,A,NON-REPAIRABLE,H,5/2/2018,1716865,5/2/2018,,,,
01-0407156:NSN,CIRCUIT BREAKER,5925,Circuit Breakers,#,Not assigned,000J,7 CFSD SERV,MB,254166F1A,2,0.000 EA,0.000 EA,1.000 EA,1,EA,each,NM16,DGMEPM,48H,(P) D SVC C 2-3-5,8/19/2013,168.82 CAD,4G,X,US DOD STOCKED - COLOG ELIGIBLE,C,CONSUMABLE STORES,A,Non-controlled good/Demil not required,A,NON-REPAIRABLE,H,11/15/2018,111185,8/19/2013,,,,
01-0446570:NSN,"NUT,PLAIN,CLINCH",5310,Nuts/Washers,Q,Q,000J,7 CFSD SERV,MB,202175H1C,2,0.000 EA,0.000 EA,264.000 EA,264,EA,each,NM16,DGMEPM,52K,(A) DAP 6-3-5B,8/19/2013,0.58 CAD,4G,X,US DOD STOCKED - COLOG ELIGIBLE,C,CONSUMABLE STORES,A,Non-controlled good/Demil not required,A,NON-REPAIRABLE,H,1/8/2020,1567592,10/11/2017,,,,
01-0489261:NSN,"CONNECTOR,RECEPTACLE,ELECTRICAL",5935,"Connectors, Electric",#,Not assigned,000J,7 CFSD SERV,MB,266244E1A,6,0.000 EA,0.000 EA,12.000 EA,12,EA,each,NM16,DGMEPM,52T,(A) DAP 6-3-5-B,8/19/2013,47.51 CAD,4G,X,US DOD STOCKED - COLOG ELIGIBLE,C,CONSUMABLE STORES,A,Non-controlled good/Demil not required,A,NON-REPAIRABLE,H,2/2/2018,1640045,2/2/2018,,,,
01-0584656:NSN,"NUT,PLAIN,HEXAGON",5310,Nuts/Washers,Q,Q,000J,7 CFSD SERV,MB,250194L3A,2,0.000 EA,0.000 EA,40.000 EA,40,EA,each,LZ18,DGLEPM,44C,(L) DLP 4-1C2-2,8/31/2022,2.69 CAD,4N,X,CENTRALIZED MGMT-NORMAL DMND PROCESSING,C,CONSUMABLE STORES,A,Non-controlled good/Demil not required,A,NON-REPAIRABLE,H,#,2830399,9/1/2022,,,,
01-1377417:NSN,"SKIN,AIRCRAFT",1560,Airframe Structural,U,SLM-NON EXTENDABLE SHELF LIFE TYPE,000J,7 CFSD SERV,PS,356110H1,9,0.000 EA,0.000 EA,2.000 EA,2,EA,each,A52C,DGAEPM,50E,L3 SM 1,9/1/2022,700.00 CAD,1M,X,ITEM IS UNDER CRITICAL CONTROL,C,CONSUMABLE STORES,Q,Non-controlled good/Demil not required,A,NON-REPAIRABLE,G,#,2830940,9/1/2022,,,,
01-3266102:NSN,"RECEIVER SUBASSEMBLY,COUNTERMEASURE",5865,Electronic Counterme,#,Not assigned,000M,7 CFSD Disposal,DA,338526TSS,#,0.000 EA,0.000 EA,1.000 EA,1,EA,each,NM12,DGMEPM,234,(M)D MAR P 4-2-3-3,8/30/2022,"6,472.71 CAD",1B,D,ITEM UNDER REVIEW FOR SURPLUS,A,ACCOUNTABLE STORES,D,Controlled-key components/demil-destroy,G,SM REPAIR- 2ND L. WKSP & 3RD L,G,#,2831423,9/6/2022,,,,
01-3472977:NSN,"CABLE ASSEMBLY,SPECIAL PURPOSE,ELECTRICA",5995,Cable/Cord/Wire Asse,#,Not assigned,000L,7 CFSD Rep Res,RA,282496Q2,8,0.000 EA,0.000 EA,2.000 EA,2,EA,each,CA01,DGAEPM,57N,(A) DAP4/OWSM/SM,9/6/2022,189.55 CAD,4N,X,CENTRALIZED MGMT-NORMAL DMND PROCESSING,A,ACCOUNTABLE STORES,A,Non-controlled good/Demil not required,G,SM REPAIR- 2ND L. WKSP & 3RD L,H,#,2831496,9/6/2022,,,,
01-6808078:NSN,ADHESIVE,8040,Adhesives,Q,Q,000J,7 CFSD SERV,HJ,016341A,40,0.000 EA,0.000 EA,100.000 EA,0,EA,each,L20G,DGLEPM,44V,(L) DASPM4-2-2-1-C,9/7/2022,78.75 CAD,1Z,X,NDHQ CONTROLLED ITEM,C,CONSUMABLE STORES,A,Non-controlled good/Demil not required,A,NON-REPAIRABLE,H,#,2831777,9/7/2022,,,,
12-1989635:NSN,O-RING,5331,O-Rings,Q,Q,000J,7 CFSD SERV,MA,262213G2,8,0.000 EA,0.000 EA,100.000 EA,100,EA,each,L20G,DGLEPM,44V,(L) DASPM4-2-2-1-C,8/29/2022,10.00 CAD,1Z,X,NDHQ CONTROLLED ITEM,C,CONSUMABLE STORES,A,Non-controlled good/Demil not required,A,NON-REPAIRABLE,H,#,2829716,8/31/2022,,,,
12-4092079:NSN,"SWITCH,PUSH",5930,Switches,Q,Q,000J,7 CFSD SERV,MB,262192G2B,5,0.000 EA,0.000 EA,4.000 EA,3,EA,each,L20G,DGLEPM,44V,(L) DASPM4-2-2-1-C,9/7/2022,461.20 CAD,1Z,X,NDHQ CONTROLLED ITEM,C,CONSUMABLE STORES,A,Non-controlled good/Demil not required,A,NON-REPAIRABLE,G,#,2832068,9/8/2022,,,,
12-4092079:NSN,"SWITCH,PUSH",5930,Switches,Q,Q,000J,7 CFSD SERV,PA,2,#,0.000 EA,0.000 EA,4.000 EA,1,EA,each,L20G,DGLEPM,44V,(L) DASPM4-2-2-1-C,9/7/2022,461.20 CAD,1Z,X,NDHQ CONTROLLED ITEM,C,CONSUMABLE STORES,A,Non-controlled good/Demil not required,A,NON-REPAIRABLE,G,#,2831905,9/7/2022,,,,
12-4108889:NSN,"CONNECTOR,RECEPTACLE,ELECTRICAL",5935,"Connectors, Electric",Q,Q,000J,7 CFSD SERV,MB,262191K2C,5,0.000 EA,0.000 EA,10.000 EA,10,EA,each,L20G,DGLEPM,44V,(L) DASPM4-2-2-1-C,9/7/2022,77.08 CAD,1Z,X,NDHQ CONTROLLED ITEM,C,CONSUMABLE STORES,A,Non-controlled good/Demil not required,A,NON-REPAIRABLE,H,#,2832070,9/8/2022,,,,
12-4110151:NSN,"PIN,STRAIGHT,HEADED",5315,Nails/Keys/Pins,Q,Q,000J,7 CFSD SERV,MB,266181M2B,4,0.000 EA,0.000 EA,100.000 EA,100,EA,each,L20G,DGLEPM,44V,(L) DASPM4-2-2-1-C,9/7/2022,13.41 CAD,1Z,X,NDHQ CONTROLLED ITEM,C,CONSUMABLE STORES,A,Non-controlled good/Demil not required,A,NON-REPAIRABLE,H,#,2832067,9/8/2022,,,,
12-4110174:NSN,"PIN,STRAIGHT,HEADED",5315,Nails/Keys/Pins,Q,Q,000J,7 CFSD SERV,MB,262184G1A,6,0.000 EA,0.000 EA,100.000 EA,100,EA,each,L20G,DGLEPM,44V,(L) DASPM4-2-2-1-C,9/7/2022,17.64 CAD,1Z,X,NDHQ CONTROLLED ITEM,C,CONSUMABLE STORES,A,Non-controlled good/Demil not required,A,NON-REPAIRABLE,H,#,2832069,9/8/2022,,,,
12-4112629:NSN,"MOTOR,DIRECT CURRENT",6105,"Motors, Electrical",Q,Q,000J,7 CFSD SERV,MA,2.06E+06,9,0.000 EA,0.000 EA,4.000 EA,4,EA,each,L20G,DGLEPM,44V,(L) DASPM4-2-2-1-C,9/7/2022,"1,173.20 CAD",1Z,X,NDHQ CONTROLLED ITEM,C,CONSUMABLE STORES,A,Non-controlled good/Demil not required,A,NON-REPAIRABLE,G,#,2831949,9/7/2022,,,,
12-4113425:NSN,O-RING,5331,O-Rings,Q,Q,000J,7 CFSD SERV,MB,270178F1A,5,0.000 EA,0.000 EA,100.000 EA,100,EA,each,L20G,DGLEPM,44V,(L) DASPM4-2-2-1-C,8/29/2022,1.42 CAD,1Z,X,NDHQ CONTROLLED ITEM,C,CONSUMABLE STORES,A,Non-controlled good/Demil not required,A,NON-REPAIRABLE,H,#,2830432,9/1/2022,,,,
12-4113956:NSN,O-RING,5331,O-Rings,Q,Q,000J,7 CFSD SERV,MB,262194K2A,6,0.000 EA,0.000 EA,100.000 EA,100,EA,each,L20G,DGLEPM,44V,(L) DASPM4-2-2-1-C,8/29/2022,1.45 CAD,1Z,X,NDHQ CONTROLLED ITEM,C,CONSUMABLE STORES,A,Non-controlled good/Demil not required,A,NON-REPAIRABLE,H,#,2829313,8/31/2022,,,,
12-4120425:NSN,O-RING,5331,O-Rings,Q,Q,000J,7 CFSD SERV,MB,262188K1A,5,0.000 EA,0.000 EA,100.000 EA,100,EA,each,L20G,DGLEPM,44V,(L) DASPM4-2-2-1-C,8/29/2022,10.45 CAD,1Z,X,NDHQ CONTROLLED ITEM,C,CONSUMABLE STORES,A,Non-controlled good/Demil not required,A,NON-REPAIRABLE,H,#,2829314,8/31/2022,,,,
12-4122767:NSN,RUBBER STRIP,9320,Rubber Fabricated Ma,Q,Q,000J,7 CFSD SERV,PS,282137G1,10,0.000 MR,0.000 MR,100.000 MR,100,EA,each,L20G,DGLEPM,44V,(L) DASPM4-2-2-1-C,8/29/2022,10.87 CAD,1Z,X,NDHQ CONTROLLED ITEM,C,CONSUMABLE STORES,A,Non-controlled good/Demil not required,A,NON-REPAIRABLE,H,#,2830195,9/1/2022,,,,
12-4123696:NSN,DASHPOT,2590,Vehicular Components,Q,Q,000J,7 CFSD SERV,MA,258193D1,9,0.000 EA,0.000 EA,11.000 EA,11,EA,each,L20G,DGLEPM,44V,(L) DASPM4-2-2-1-C,9/7/2022,277.20 CAD,1Z,X,NDHQ CONTROLLED ITEM,C,CONSUMABLE STORES,A,Non-controlled good/Demil not required,A,NON-REPAIRABLE,H,#,2831950,9/7/2022,,,,
17-0500856:NSN,O-RING,5331,O-Rings,Q,Q,000J,7 CFSD SERV,MA,262210G1,8,0.000 EA,0.000 EA,100.000 EA,100,EA,each,L20G,DGLEPM,44V,(L) DASPM4-2-2-1-C,8/29/2022,72.15 CAD,1Z,X,NDHQ CONTROLLED ITEM,C,CONSUMABLE STORES,A,Non-controlled good/Demil not required,A,NON-REPAIRABLE,H,#,2829713,9/1/2022,,,,
20-0124117:NSN,"LINER,JACKET,BUOYANCY AID",4220,Marine Lifesaving/Di,#,Not assigned,000J,7 CFSD SERV,FA,244306H,18,0.000 EA,0.000 EA,108.000 EA,96,EA,each,L311,DGLEPM,32E,(L) DLP 3-2-3-1,9/6/2022,250.76 CAD,1Z,X,NDHQ CONTROLLED ITEM,A,ACCOUNTABLE STORES,A,Non-controlled good/Demil not required,G,SM REPAIR- 2ND L. WKSP & 3RD L,H,#,2831547,9/7/2022,,,,
20-0124117:NSN,"LINER,JACKET,BUOYANCY AID",4220,Marine Lifesaving/Di,#,Not assigned,000J,7 CFSD SERV,FA,244306S,16,0.000 EA,0.000 EA,108.000 EA,12,EA,each,L311,DGLEPM,32E,(L) DLP 3-2-3-1,9/6/2022,250.76 CAD,1Z,X,NDHQ CONTROLLED ITEM,A,ACCOUNTABLE STORES,A,Non-controlled good/Demil not required,G,SM REPAIR- 2ND L. WKSP & 3RD L,H,#,2831548,9/7/2022,,,,
20-0124154:NSN,"CABLE ASSEMBLY,SPECIAL PURPOSE,ELECTRICA",5995,Cable/Cord/Wire Asse,Q,Q,000J,7 CFSD SERV,MB,258165M2A,5,0.000 EA,0.000 EA,19.000 EA,19,EA,each,L50L,DGLEPM,49Y,(L) DLP 7-4-2,8/31/2022,400.00 CAD,1R,X,QD MESSAGE FORMAT,A,ACCOUNTABLE STORES,A,Non-controlled good/Demil not required,A,NON-REPAIRABLE,H,#,2829305,8/31/2022,,,,
20-0124155:NSN,"CABLE ASSEMBLY,SPECIAL PURPOSE,ELECTRICA",5995,Cable/Cord/Wire Asse,Q,Q,000J,7 CFSD SERV,MA,262184G3,8,0.000 EA,0.000 EA,19.000 EA,19,EA,each,L50L,DGLEPM,49Y,(L) DLP 7-4-2,8/31/2022,400.00 CAD,1R,X,QD MESSAGE FORMAT,A,ACCOUNTABLE STORES,A,Non-controlled good/Demil not required,A,NON-REPAIRABLE,H,#,2829712,8/31/2022,,,,
20-0137848:NSN,"KIT,TIE DOWN,TARP",2590,Vehicular Components,Q,Q,000J,7 CFSD SERV,ZA,PRODLINE 1,#,0.000 KT,0.000 KT,30.000 KT,0,KT,Kit,L20O,DGLEPM,66Y,(L) DLP 5-2-4-1C,8/22/2022,650.75 CAD,1Z,X,NDHQ CONTROLLED ITEM,C,CONSUMABLE STORES,A,Non-controlled good/Demil not required,A,NON-REPAIRABLE,G,#,2818686,8/22/2022,,,,
20-0137897:NSN,"TUBING,PLASTIC,SPIRAL WRAP",9330,Plastics Fabricated,Q,Q,000J,7 CFSD SERV,PS,288131F1,11,0.000 EA,0.000 EA,200.000 EA,200,EA,each,LZ08,DGLEPM,44E,(L) DLP 4-1C1-4,9/1/2022,0.99 CAD,4N,X,CENTRALIZED MGMT-NORMAL DMND PROCESSING,C,CONSUMABLE STORES,A,Non-controlled good/Demil not required,A,NON-REPAIRABLE,G,#,2831071,9/1/2022,,,,
20-A0K9703:NSN,CABLE ASSEMBLY POWER,5995,Cable/Cord/Wire Asse,#,Not assigned,000J,7 CFSD SERV,MB,250170F3B,1,0.000 EA,0.000 EA,1.000 EA,1,EA,each,3554,LOCAL/BASE,LOC,LOC MANAGED ITEMS,8/30/2022,4.06 CAD,4L,X,LOCALLY MANAGED/LOCALLY PROCURED,C,CONSUMABLE STORES,A,Non-controlled good/Demil not required,A,NON-REPAIRABLE,H,#,2829101,8/31/2022,,,,
20-A0Y0928:NSN,RADAR P2 KIT HARDWARE,1680,Aircraft Accessories,#,Not assigned,000J,7 CFSD SERV,PS,282098H3,9,0.000 EA,0.000 EA,9.000 EA,9,EA,each,A51B,DGAEPM,50L,(A) DAP5/OWSS/ATE,9/1/2022,13.51 CAD,4N,X,CENTRALIZED MGMT-NORMAL DMND PROCESSING,C,CONSUMABLE STORES,A,Non-controlled good/Demil not required,A,NON-REPAIRABLE,G,#,2831506,9/7/2022,,,,
20-A0Y1286:NSN,TRANSPONDER SET,5895,Misc Comms Equipment,#,Not assigned,000J,7 CFSD SERV,RA,282498L2,8,0.000 EA,0.000 EA,2.000 EA,2,EA,each,A57W,DGAEPM,55G,(A) DAP 4-3-5-2-4,9/8/2022,"27,600.00 CAD",4N,X,CENTRALIZED MGMT-NORMAL DMND PROCESSING,A,ACCOUNTABLE STORES,D,Controlled-key components/demil-destroy,B,3RD LINE ONLY,G,#,2832345,9/8/2022,,,,
21-8783921:NSN,"HANDBAG,WOMAN'S",8445,Hosiery/Handwear Wom,#,Not assigned,000J,7 CFSD SERV,MB,246197Q1A,6,0.000 EA,0.000 EA,1.000 EA,1,EA,each,L309,DGLEPM,32E,(L) DLP 3-2-3-1,8/19/2013,74.86 CAD,4J,X,CENT MGT - DEMAND TILL STOCKS EXHAUSTED,A,ACCOUNTABLE STORES,A,Non-controlled good/Demil not required,A,NON-REPAIRABLE,H,#,1932151,4/8/2019,,,,
37-5181767:NSN,"ELBOW,PIPE",4730,Hose/Pipe Fittings,Q,Q,000J,7 CFSD SERV,MB,250192L3C,2,0.000 EA,0.000 EA,0.000 EA,1,EA,each,L20O,DGLEPM,66Y,(L) DLP 5-2-4-1C,9/2/2022,8.93 CAD,4N,X,CENTRALIZED MGMT-NORMAL DMND PROCESSING,C,CONSUMABLE STORES,A,Non-controlled good/Demil not required,A,NON-REPAIRABLE,H,#,2831098,9/2/2022,,,,
64-0010268:NSN,"SCREW,CAP,SOCKET HEAD",5305,Screws,#,Not assigned,000J,7 CFSD SERV,MB,266181J1B,6,0.000 EA,0.000 EA,30.000 EA,30,EA,each,L20O,DGLEPM,66Y,(L) DLP 5-2-4-1C,8/31/2022,1.31 CAD,1Z,X,NDHQ CONTROLLED ITEM,C,CONSUMABLE STORES,A,Non-controlled good/Demil not required,A,NON-REPAIRABLE,H,#,2830396,9/1/2022,,,,
99-2528078:NSN,FREEZE NEUTRALISING KIT,1385,SurfaceExplosive Dis,#,Not assigned,000L,7 CFSD Rep Res,RA,320500L,18,0.000 EA,0.000 EA,6.000 EA,3,EA,each,L341,DGLEPM,67K,(L) (DLP) 6-4-3-2,8/25/2022,"8,000.00 CAD",1E,X,ITEM SUBJECT TO SPECIAL PROCUREMENT,A,ACCOUNTABLE STORES,Q,Non-controlled good/Demil not required,F,2ND  LINE WKSP AND 3RD LINE,G,#,2828634,8/30/2022,,,,
99-2528078:NSN,FREEZE NEUTRALISING KIT,1385,SurfaceExplosive Dis,#,Not assigned,000L,7 CFSD Rep Res,RA,320502L,18,0.000 EA,0.000 EA,6.000 EA,3,EA,each,L341,DGLEPM,67K,(L) (DLP) 6-4-3-2,8/25/2022,"8,000.00 CAD",1E,X,ITEM SUBJECT TO SPECIAL PROCUREMENT,A,ACCOUNTABLE STORES,Q,Non-controlled good/Demil not required,F,2ND  LINE WKSP AND 3RD LINE,G,#,2828633,8/30/2022,,,,
99-5275702:NSN,"ATTENUATOR,VARIABLE",5985,Antennas/Waveguide,Q,Q,000M,7 CFSD Disposal,DA,338526TSS,#,0.000 EA,0.000 EA,2.000 EA,2,EA,each,N282,DGMEPM,234,(M)D MAR P 4-2-3-3,9/2/2022,"6,006.00 CAD",1B,D,ITEM UNDER REVIEW FOR SURPLUS,A,ACCOUNTABLE STORES,D,Controlled-key components/demil-destroy,B,3RD LINE ONLY,G,#,2832372,9/8/2022,,,,
